Customer ID,Recency,Frequency,Monetary,Segment,CLV,Churn_Risk,Business_Action
AA-10315,185,5,5563.56,1,27817.800000000003,0,Loyal – Grow Share
AA-10375,20,9,1056.39,0,9507.51,0,Retain & Upsell
AA-10480,260,4,1790.5120000000002,1,7162.048000000001,1,Loyal – Grow Share
AA-10645,56,6,5086.9349999999995,0,30521.609999999997,0,Retain & Upsell
AB-10015,416,3,886.156,3,2658.468,1,New – Nurture
AB-10060,55,8,7755.62,2,62044.96,0,Re-engage Immediately
AB-10105,42,10,14473.570999999998,2,144735.71,0,Re-engage Immediately
AB-10150,42,5,966.71,1,4833.55,0,Loyal – Grow Share
AB-10165,26,8,1113.838,0,8910.704,0,Retain & Upsell
AB-10255,167,9,914.5319999999999,0,8230.787999999999,0,Retain & Upsell
AB-10600,51,4,1515.862,1,6063.448,0,Loyal – Grow Share
AC-10420,233,3,925.8,1,2777.3999999999996,1,Loyal – Grow Share
AC-10450,12,7,5527.846,0,38694.922,0,Retain & Upsell
AC-10615,7,5,2537.6859999999997,1,12688.429999999998,0,Loyal – Grow Share
AC-10660,283,5,657.316,1,3286.58,0,Loyal – Grow Share
AD-10180,30,8,6106.88,0,48855.04,0,Retain & Upsell
AF-10870,42,7,2052.908,0,14370.356,0,Retain & Upsell
AF-10885,416,4,861.565,3,3446.26,1,New – Nurture
AG-10270,279,5,2582.898,1,12914.490000000002,0,Loyal – Grow Share
AG-10300,119,4,367.548,1,1470.192,0,Loyal – Grow Share
AG-10330,9,5,660.972,1,3304.8599999999997,0,Loyal – Grow Share
AG-10390,115,5,200.945,1,1004.7249999999999,0,Loyal – Grow Share
AG-10495,79,8,2356.855,0,18854.84,0,Retain & Upsell
AG-10525,846,4,1455.038,3,5820.152,1,New – Nurture
AG-10675,98,7,3489.0396000000005,0,24423.277200000004,0,Retain & Upsell
AG-10765,78,4,170.584,1,682.336,0,Loyal – Grow Share
AG-10900,97,10,4510.797,0,45107.969999999994,0,Retain & Upsell
AH-10030,13,7,1744.7,0,12212.9,0,Retain & Upsell
AH-10075,35,10,3250.337,0,32503.37,0,Retain & Upsell
AH-10120,61,7,1735.5140000000001,0,12148.598000000002,0,Retain & Upsell
AH-10195,56,4,1587.452,1,6349.808,0,Loyal – Grow Share
AH-10210,7,9,4805.344,0,43248.096,0,Retain & Upsell
AH-10465,231,5,2495.3916,1,12476.957999999999,0,Loyal – Grow Share
AH-10585,22,4,738.504,1,2954.016,0,Loyal – Grow Share
AH-10690,411,12,7888.294,2,94659.52799999999,0,Re-engage Immediately
AI-10855,14,10,4375.786,0,43757.86,0,Retain & Upsell
AJ-10780,76,7,4867.344,0,34071.408,0,Retain & Upsell
AJ-10795,167,7,4501.391,0,31509.736999999997,0,Retain & Upsell
AJ-10945,86,7,1839.24,0,12874.68,0,Retain & Upsell
AJ-10960,75,3,629.2479999999999,1,1887.7439999999997,0,Loyal – Grow Share
AM-10360,29,5,814.012,1,4070.0599999999995,0,Loyal – Grow Share
AM-10705,163,8,5664.022,0,45312.176,0,Retain & Upsell
AO-10810,502,1,161.28,3,161.28,1,New – Nurture
AP-10720,42,8,1638.554,0,13108.432,0,Retain & Upsell
AP-10915,99,10,3323.556,0,33235.56,0,Retain & Upsell
AR-10345,112,4,1055.694,1,4222.776,0,Loyal – Grow Share
AR-10405,126,5,2236.128,1,11180.640000000001,0,Loyal – Grow Share
AR-10510,15,5,264.86400000000003,1,1324.3200000000002,0,Loyal – Grow Share
AR-10540,7,6,6608.448,2,39650.688,0,Re-engage Immediately
AR-10570,535,1,88.15,3,88.15,1,New – Nurture
AR-10825,59,8,4523.336,0,36186.688,0,Retain & Upsell
AS-10045,89,7,3050.692,0,21354.844,0,Retain & Upsell
AS-10090,29,9,3255.31,0,29297.79,0,Retain & Upsell
AS-10135,42,2,58.82,1,117.64,0,Loyal – Grow Share
AS-10225,23,5,4260.784,1,21303.92,0,Loyal – Grow Share
AS-10240,193,7,584.6080000000001,1,4092.2560000000003,0,Loyal – Grow Share
AS-10285,20,6,3214.236,1,19285.415999999997,0,Loyal – Grow Share
AS-10630,93,7,833.398,1,5833.786,0,Loyal – Grow Share
AT-10435,22,6,1171.814,1,7030.884,0,Loyal – Grow Share
AT-10735,14,10,3831.864,0,38318.64,0,Retain & Upsell
AW-10840,21,4,649.376,1,2597.504,0,Loyal – Grow Share
AW-10930,47,7,2852.968,0,19970.775999999998,0,Retain & Upsell
AY-10555,15,4,497.014,1,1988.056,0,Loyal – Grow Share
AZ-10750,161,6,1622.0179999999998,1,9732.107999999998,0,Loyal – Grow Share
BB-10990,106,5,744.3399999999999,1,3721.7,0,Loyal – Grow Share
BB-11545,29,9,6765.728,2,60891.552,0,Re-engage Immediately
BC-11125,203,9,2933.676,0,26403.084,0,Retain & Upsell
BD-11320,34,12,5718.521,0,68622.252,0,Retain & Upsell
BD-11500,36,6,4411.2429999999995,0,26467.458,0,Retain & Upsell
BD-11560,279,2,320.54,1,641.08,1,Loyal – Grow Share
BD-11605,98,7,3288.471,0,23019.297,0,Retain & Upsell
BD-11620,70,6,1538.11,1,9228.66,0,Loyal – Grow Share
BD-11635,10,3,582.646,1,1747.9379999999999,0,Loyal – Grow Share
BD-11725,94,6,1526.5,1,9159.0,0,Loyal – Grow Share
BD-11770,328,6,658.466,1,3950.7960000000003,0,Loyal – Grow Share
BE-11335,120,5,4204.676,1,21023.38,0,Loyal – Grow Share
BE-11410,99,5,2261.438,1,11307.19,0,Loyal – Grow Share
BE-11455,255,6,1727.652,1,10365.912,0,Loyal – Grow Share
BF-10975,92,7,599.798,1,4198.586,0,Loyal – Grow Share
BF-11005,40,4,1333.88,1,5335.52,0,Loyal – Grow Share
BF-11020,75,8,2888.506,0,23108.048,0,Retain & Upsell
BF-11080,26,3,272.95,1,818.8499999999999,0,Loyal – Grow Share
BF-11170,17,11,5907.972,0,64987.691999999995,0,Retain & Upsell
BF-11215,66,4,1585.162,1,6340.648,0,Loyal – Grow Share
BF-11275,58,3,791.9899999999999,1,2375.97,0,Loyal – Grow Share
BG-11035,29,8,2798.948,0,22391.584,0,Retain & Upsell
BG-11695,37,6,1874.172,1,11245.032,0,Loyal – Grow Share
BG-11740,58,6,1006.356,1,6038.136,0,Loyal – Grow Share
BH-11710,24,8,6255.351,0,50042.808,0,Retain & Upsell
BK-11260,78,6,659.1379999999999,1,3954.8279999999995,0,Loyal – Grow Share
BM-11140,308,4,11789.63,2,47158.52,1,Re-engage Immediately
BM-11575,101,6,808.162,1,4848.972,0,Loyal – Grow Share
BM-11650,34,11,7294.185,2,80236.035,0,Re-engage Immediately
BM-11785,219,10,1338.842,0,13388.420000000002,0,Retain & Upsell
BN-11470,25,4,265.296,1,1061.184,0,Loyal – Grow Share
BN-11515,10,5,1459.344,1,7296.72,0,Loyal – Grow Share
BO-11350,138,5,2682.728,1,13413.64,0,Loyal – Grow Share
BO-11425,76,2,130.83,1,261.66,0,Loyal – Grow Share
BP-11050,84,5,983.42,1,4917.099999999999,0,Loyal – Grow Share
BP-11095,18,12,2442.044,0,29304.528,0,Retain & Upsell
BP-11155,90,6,1697.8609999999999,1,10187.166,0,Loyal – Grow Share
BP-11185,2,9,3675.861,0,33082.748999999996,0,Retain & Upsell
BP-11230,40,5,1181.49,1,5907.45,0,Loyal – Grow Share
BP-11290,13,7,2475.157,0,17326.099000000002,0,Retain & Upsell
BS-11365,559,5,10501.653,2,52508.265,0,Re-engage Immediately
BS-11380,29,5,3887.834,1,19439.17,0,Loyal – Grow Share
BS-11590,36,6,2454.928,1,14729.568,0,Loyal – Grow Share
BS-11665,583,3,3288.1099999999997,3,9864.329999999998,1,New – Nurture
BS-11755,2,7,2562.382,0,17936.674,0,Retain & Upsell
BS-11800,266,2,949.4300000000001,1,1898.8600000000001,1,Loyal – Grow Share
BT-11305,337,5,2567.656,1,12838.279999999999,0,Loyal – Grow Share
BT-11395,303,6,2186.6130000000003,1,13119.678000000002,0,Loyal – Grow Share
BT-11440,561,4,603.876,3,2415.504,1,New – Nurture
BT-11485,660,2,415.19599999999997,3,830.3919999999999,1,New – Nurture
BT-11530,92,5,2684.4919999999997,1,13422.46,0,Loyal – Grow Share
BT-11680,21,7,3196.752,0,22377.264,0,Retain & Upsell
BV-11245,335,5,1523.2730000000001,1,7616.365000000001,0,Loyal – Grow Share
BW-11065,213,3,385.516,1,1156.548,1,Loyal – Grow Share
BW-11110,122,8,4750.358,0,38002.864,0,Retain & Upsell
BW-11200,204,6,1738.406,1,10430.436,0,Loyal – Grow Share
CA-11965,97,6,3789.7228,1,22738.3368,0,Loyal – Grow Share
CA-12055,402,5,1679.7240000000002,3,8398.62,0,New – Nurture
CA-12265,57,9,2648.2872,0,23834.5848,0,Retain & Upsell
CA-12310,14,4,1421.954,1,5687.816,0,Loyal – Grow Share
CA-12775,121,7,3041.566,0,21290.962,0,Retain & Upsell
CB-12025,48,10,6076.139,0,60761.39,0,Retain & Upsell
CB-12415,27,8,1949.2,0,15593.6,0,Retain & Upsell
CB-12535,198,8,4246.4555,0,33971.644,0,Retain & Upsell
CC-12100,458,6,1770.945,3,10625.67,0,New – Nurture
CC-12145,107,7,2471.65,0,17301.55,0,Retain & Upsell
CC-12220,21,12,3913.418,0,46961.016,0,Retain & Upsell
CC-12370,44,5,12129.072000000002,2,60645.36000000001,0,Re-engage Immediately
CC-12430,1,10,2870.05,0,28700.5,0,Retain & Upsell
CC-12475,40,9,1659.438,0,14934.942000000001,0,Retain & Upsell
CC-12550,28,3,113.832,1,341.496,0,Loyal – Grow Share
CC-12610,35,7,2540.631,0,17784.416999999998,0,Retain & Upsell
CC-12670,30,7,2269.7015,0,15887.910500000002,0,Retain & Upsell
CC-12685,800,4,2854.1150000000002,3,11416.460000000001,1,New – Nurture
CD-11920,41,5,2033.968,1,10169.84,0,Loyal – Grow Share
CD-11980,55,3,639.766,1,1919.2979999999998,0,Loyal – Grow Share
CD-12280,43,2,1205.584,1,2411.168,0,Loyal – Grow Share
CD-12790,400,5,1860.732,3,9303.66,0,New – Nurture
CG-12040,50,6,904.4680000000001,1,5426.808000000001,0,Loyal – Grow Share
CG-12520,339,3,1148.7800000000002,3,3446.3400000000006,1,New – Nurture
CH-12070,692,3,1537.236,3,4611.7080000000005,1,New – Nurture
CJ-11875,366,1,16.52,3,16.52,1,New – Nurture
CJ-12010,190,8,11164.974,2,89319.792,0,Re-engage Immediately
CK-12205,40,13,3154.855,0,41013.115,0,Retain & Upsell
CK-12325,121,5,2945.321,1,14726.605,0,Loyal – Grow Share
CK-12595,44,11,2372.75,0,26100.25,0,Retain & Upsell
CK-12760,83,9,1582.109,0,14238.981,0,Retain & Upsell
CL-11890,107,4,1262.0140000000001,1,5048.0560000000005,0,Loyal – Grow Share
CL-12565,285,12,10880.546,2,130566.552,0,Re-engage Immediately
CL-12700,106,5,2353.586,1,11767.929999999998,0,Loyal – Grow Share
CM-11815,132,6,1673.888,1,10043.328,0,Loyal – Grow Share
CM-11935,709,2,565.392,3,1130.784,1,New – Nurture
CM-12115,9,4,1661.6100000000001,1,6646.4400000000005,0,Loyal – Grow Share
CM-12160,27,6,2533.314,1,15199.883999999998,0,Loyal – Grow Share
CM-12190,9,6,1475.144,1,8850.864,0,Loyal – Grow Share
CM-12235,386,5,2305.712,3,11528.56,0,New – Nurture
CM-12385,38,4,8954.019999999999,2,35816.079999999994,0,Re-engage Immediately
CM-12445,437,3,287.99,3,863.97,1,New – Nurture
CM-12655,28,6,6339.5576,0,38037.3456,0,Retain & Upsell
CM-12715,1036,4,3984.4524,3,15937.8096,1,New – Nurture
CP-12085,83,8,5402.254,0,43218.032,0,Retain & Upsell
CP-12340,161,8,5888.275,0,47106.2,0,Retain & Upsell
CR-12580,58,4,2148.852,1,8595.408,0,Loyal – Grow Share
CR-12625,471,3,475.9,3,1427.6999999999998,1,New – Nurture
CR-12730,79,4,1600.55,1,6402.2,0,Loyal – Grow Share
CR-12820,86,3,1397.8724,1,4193.6172,0,Loyal – Grow Share
CS-11845,92,5,1278.954,1,6394.7699999999995,0,Loyal – Grow Share
CS-11860,163,6,537.632,1,3225.7919999999995,0,Loyal – Grow Share
CS-11950,26,11,3036.547,0,33402.017,0,Retain & Upsell
CS-12130,490,4,884.64,3,3538.56,1,New – Nurture
CS-12175,233,5,844.4580000000001,1,4222.290000000001,0,Loyal – Grow Share
CS-12250,27,12,2754.216,0,33050.592,0,Retain & Upsell
CS-12355,7,11,3202.1620000000003,0,35223.78200000001,0,Retain & Upsell
CS-12400,3,9,3651.8585000000003,0,32866.726500000004,0,Retain & Upsell
CS-12460,28,2,550.644,1,1101.288,0,Loyal – Grow Share
CS-12490,425,4,1077.2285,3,4308.914,1,New – Nurture
CS-12505,59,6,5690.054999999999,0,34140.329999999994,0,Retain & Upsell
CT-11995,97,8,3241.898,0,25935.184,0,Retain & Upsell
CV-12295,255,5,2830.6279999999997,1,14153.14,0,Loyal – Grow Share
CV-12805,6,9,2370.3136,0,21332.8224,0,Retain & Upsell
CW-11905,23,6,1136.592,1,6819.552000000001,0,Loyal – Grow Share
CY-12745,61,8,2900.026,0,23200.208,0,Retain & Upsell
Co-12640,550,5,1300.076,3,6500.38,0,New – Nurture
DA-13450,353,4,156.76,3,627.04,1,New – Nurture
DB-12910,22,8,2171.599,0,17372.792,0,Retain & Upsell
DB-12970,242,5,2839.2272,1,14196.135999999999,0,Loyal – Grow Share
DB-13060,17,7,4531.646,0,31721.521999999997,0,Retain & Upsell
DB-13120,49,7,2973.094,0,20811.658,0,Retain & Upsell
DB-13210,10,10,2332.577,0,23325.770000000004,0,Retain & Upsell
DB-13270,54,8,4655.897,0,37247.176,0,Retain & Upsell
DB-13360,265,5,1081.466,1,5407.33,0,Loyal – Grow Share
DB-13405,188,4,1711.692,1,6846.768,1,Loyal – Grow Share
DB-13555,108,7,3908.8028,0,27361.619599999998,0,Retain & Upsell
DB-13615,34,7,1989.05,0,13923.35,0,Retain & Upsell
DB-13660,13,7,1155.202,1,8086.414,0,Loyal – Grow Share
DC-12850,38,9,3336.168,0,30025.512000000002,0,Retain & Upsell
DC-13285,24,5,1174.618,1,5873.09,0,Loyal – Grow Share
DD-13570,42,6,269.542,1,1617.252,0,Loyal – Grow Share
DE-13255,720,5,2550.874,3,12754.369999999999,0,New – Nurture
DF-13135,701,3,2390.534,3,7171.602000000001,1,New – Nurture
DG-13300,33,5,3195.818,1,15979.09,0,Loyal – Grow Share
DH-13075,278,6,4932.872,0,29597.232000000004,0,Retain & Upsell
DH-13675,777,4,1043.096,3,4172.384,1,New – Nurture
DJ-13420,638,4,2012.52,3,8050.08,1,New – Nurture
DJ-13510,49,8,2501.6879999999996,0,20013.503999999997,0,Retain & Upsell
DJ-13630,13,3,3356.398,1,10069.194,0,Loyal – Grow Share
DK-12835,22,12,3256.48,0,39077.76,0,Retain & Upsell
DK-12895,46,5,4282.176,1,21410.88,0,Loyal – Grow Share
DK-12985,8,5,1687.04,1,8435.2,0,Loyal – Grow Share
DK-13090,43,7,2650.557,0,18553.898999999998,0,Retain & Upsell
DK-13150,11,2,797.832,1,1595.664,0,Loyal – Grow Share
DK-13225,11,9,4802.394,0,43221.546,0,Retain & Upsell
DK-13375,20,8,3318.486,0,26547.888,0,Retain & Upsell
DL-12865,101,8,1503.112,0,12024.896,0,Retain & Upsell
DL-12925,58,6,3272.2,1,19633.199999999997,0,Loyal – Grow Share
DL-13315,23,8,1458.258,0,11666.064,0,Retain & Upsell
DL-13330,58,4,585.02,1,2340.08,0,Loyal – Grow Share
DL-13495,77,8,3539.322,0,28314.576,0,Retain & Upsell
DM-12955,115,7,1322.034,1,9254.238000000001,0,Loyal – Grow Share
DM-13015,58,7,6345.103,0,44415.721,0,Retain & Upsell
DM-13345,23,8,4074.4719999999998,0,32595.775999999998,0,Retain & Upsell
DM-13525,482,3,1376.792,3,4130.376,1,New – Nurture
DN-13690,218,7,2139.79,0,14978.529999999999,0,Retain & Upsell
DO-13435,134,9,1300.0315,0,11700.283500000001,0,Retain & Upsell
DO-13645,27,7,1267.316,1,8871.212,0,Loyal – Grow Share
DP-13000,127,9,1050.636,0,9455.724,0,Retain & Upsell
DP-13105,7,8,2215.002,0,17720.016,0,Retain & Upsell
DP-13165,813,2,1058.616,3,2117.232,1,New – Nurture
DP-13390,359,9,5480.723999999999,0,49326.515999999996,0,Retain & Upsell
DR-12880,4,9,6528.034000000001,0,58752.306000000004,0,Retain & Upsell
DR-12940,51,8,8350.868,2,66806.944,0,Re-engage Immediately
DS-13030,94,4,1762.213,1,7048.852,0,Loyal – Grow Share
DS-13180,24,9,2881.8128,0,25936.3152,0,Retain & Upsell
DV-13045,20,5,1119.483,1,5597.415,0,Loyal – Grow Share
DV-13465,30,6,3341.587,1,20049.522,0,Loyal – Grow Share
DW-13195,70,6,1080.751,1,6484.505999999999,0,Loyal – Grow Share
DW-13480,218,5,5271.628,1,26358.14,0,Loyal – Grow Share
DW-13540,99,5,344.08,1,1720.3999999999999,0,Loyal – Grow Share
DW-13585,243,7,1204.854,1,8433.978000000001,0,Loyal – Grow Share
Dl-13600,120,5,755.602,1,3778.0099999999998,0,Loyal – Grow Share
Dp-13240,85,11,7198.7609999999995,2,79186.371,0,Re-engage Immediately
EA-14035,153,13,2846.705,0,37007.165,0,Retain & Upsell
EB-13705,49,9,3644.978,0,32804.802,0,Retain & Upsell
EB-13750,36,10,3236.314,0,32363.14,0,Retain & Upsell
EB-13840,91,5,4358.128,1,21790.64,0,Loyal – Grow Share
EB-13870,101,10,2767.219,0,27672.190000000002,0,Retain & Upsell
EB-13930,162,5,944.6000000000001,1,4723.000000000001,0,Loyal – Grow Share
EB-13975,1,4,1643.255,1,6573.02,0,Loyal – Grow Share
EB-14110,114,6,3071.126,1,18426.756,0,Loyal – Grow Share
EB-14170,83,6,1186.326,1,7117.956,0,Loyal – Grow Share
EC-14050,54,5,461.914,1,2309.5699999999997,0,Loyal – Grow Share
ED-13885,136,8,3484.92,0,27879.36,0,Retain & Upsell
EG-13900,23,5,1832.02,1,9160.1,0,Loyal – Grow Share
EH-13765,136,12,10310.880000000001,2,123730.56000000001,0,Re-engage Immediately
EH-13945,218,8,684.1709999999999,0,5473.3679999999995,0,Retain & Upsell
EH-13990,406,6,825.9499999999999,3,4955.7,0,New – Nurture
EH-14005,3,7,1219.53,1,8536.71,0,Loyal – Grow Share
EH-14125,153,10,3082.653,0,30826.53,0,Retain & Upsell
EH-14185,106,6,923.884,1,5543.304,0,Loyal – Grow Share
EJ-13720,303,4,2162.174,1,8648.696,1,Loyal – Grow Share
EJ-14155,58,5,2656.691,1,13283.454999999998,0,Loyal – Grow Share
EK-13795,45,4,1303.478,1,5213.912,0,Loyal – Grow Share
EL-13735,78,2,124.28,1,248.56,0,Loyal – Grow Share
EM-13810,133,5,2567.0099999999998,1,12835.05,0,Loyal – Grow Share
EM-13825,56,8,2339.598,0,18716.784,0,Retain & Upsell
EM-13960,152,5,933.704,1,4668.5199999999995,0,Loyal – Grow Share
EM-14065,48,4,228.99,1,915.96,0,Loyal – Grow Share
EM-14095,114,4,1041.0420000000001,1,4164.168000000001,0,Loyal – Grow Share
EM-14140,49,6,4588.436000000001,0,27530.616,0,Retain & Upsell
EM-14200,159,3,366.822,1,1100.466,0,Loyal – Grow Share
EN-13780,288,4,2199.366,1,8797.464,1,Loyal – Grow Share
EP-13915,13,17,5478.0608,0,93127.03360000001,0,Retain & Upsell
ER-13855,422,3,1245.788,3,3737.364,1,New – Nurture
ES-14020,41,5,3510.4579999999996,1,17552.289999999997,0,Loyal – Grow Share
ES-14080,29,9,4657.924,0,41921.316,0,Retain & Upsell
FA-14230,98,7,2984.054,0,20888.378,0,Retain & Upsell
FC-14245,71,7,3418.742,0,23931.194000000003,0,Retain & Upsell
FC-14335,185,7,3889.366,0,27225.561999999998,0,Retain & Upsell
FG-14260,35,7,1383.144,0,9682.008,0,Retain & Upsell
FH-14275,38,10,4256.272,0,42562.72,0,Retain & Upsell
FH-14350,213,4,2271.284,1,9085.136,1,Loyal – Grow Share
FH-14365,6,8,6987.196,2,55897.568,0,Re-engage Immediately
FM-14215,8,10,2456.638,0,24566.379999999997,0,Retain & Upsell
FM-14290,37,9,3736.198,0,33625.782,0,Retain & Upsell
FM-14380,146,9,2523.266,0,22709.394,0,Retain & Upsell
FO-14305,39,10,2678.438,0,26784.38,0,Retain & Upsell
FP-14320,24,8,4046.746,0,32373.968,0,Retain & Upsell
FW-14395,363,3,79.75,3,239.25,1,New – Nurture
GA-14515,150,8,3919.7760000000003,0,31358.208000000002,0,Retain & Upsell
GA-14725,6,11,1398.382,0,15382.202000000001,0,Retain & Upsell
GB-14530,63,11,1568.44,0,17252.84,0,Retain & Upsell
GB-14575,14,5,4716.288,1,23581.44,0,Loyal – Grow Share
GD-14590,6,4,1888.07,1,7552.28,0,Loyal – Grow Share
GG-14650,44,9,2224.0,0,20016.0,0,Retain & Upsell
GH-14410,76,9,2819.4669999999996,0,25375.202999999998,0,Retain & Upsell
GH-14425,51,4,4172.8460000000005,1,16691.384000000002,0,Loyal – Grow Share
GH-14485,388,2,1361.2440000000001,3,2722.4880000000003,1,New – Nurture
GH-14665,3,2,146.94080000000002,1,293.88160000000005,0,Loyal – Grow Share
GK-14620,113,9,6497.27,2,58475.43000000001,0,Re-engage Immediately
GM-14440,84,7,3582.8199999999997,0,25079.739999999998,0,Retain & Upsell
GM-14455,17,6,3078.624,1,18471.744,0,Loyal – Grow Share
GM-14500,107,10,1255.682,0,12556.82,0,Retain & Upsell
GM-14680,153,6,3163.628,1,18981.768,0,Loyal – Grow Share
GM-14695,118,3,6049.966,1,18149.898,0,Loyal – Grow Share
GP-14740,766,2,236.53,3,473.06,1,New – Nurture
GR-14560,1136,2,1284.38,3,2568.76,1,New – Nurture
GT-14635,57,3,9351.212,2,28053.636,0,Re-engage Immediately
GT-14710,37,11,11820.119999999999,2,130021.31999999999,0,Re-engage Immediately
GT-14755,35,4,226.436,1,905.744,0,Loyal – Grow Share
GW-14605,29,7,2189.019,0,15323.132999999998,0,Retain & Upsell
GZ-14470,8,9,4355.150000000001,0,39196.350000000006,0,Retain & Upsell
GZ-14545,158,4,2454.6220000000003,1,9818.488000000001,0,Loyal – Grow Share
HA-14905,70,7,2163.3,0,15143.100000000002,0,Retain & Upsell
HA-14920,21,8,2584.158,0,20673.264,0,Retain & Upsell
HD-14785,770,3,251.36,3,754.08,1,New – Nurture
HE-14800,13,4,883.5319999999999,1,3534.1279999999997,0,Loyal – Grow Share
HF-14995,22,7,2533.1639999999998,0,17732.147999999997,0,Retain & Upsell
HG-14845,55,5,785.628,1,3928.1400000000003,0,Loyal – Grow Share
HG-14965,24,12,3247.642,0,38971.704,0,Retain & Upsell
HG-15025,7,7,3690.284,0,25831.988,0,Retain & Upsell
HH-15010,73,2,218.668,1,437.336,0,Loyal – Grow Share
HJ-14875,127,5,358.1,1,1790.5,0,Loyal – Grow Share
HK-14890,152,8,4877.784,0,39022.272,0,Retain & Upsell
HL-15040,44,6,12873.297999999999,2,77239.788,0,Re-engage Immediately
HM-14860,3,10,8236.7648,2,82367.64800000002,0,Re-engage Immediately
HM-14980,248,4,736.276,1,2945.104,1,Loyal – Grow Share
HP-14815,31,7,1990.314,0,13932.198,0,Retain & Upsell
HR-14770,14,5,1299.288,1,6496.4400000000005,0,Loyal – Grow Share
HR-14830,160,7,5248.787,0,36741.509000000005,0,Retain & Upsell
HW-14935,118,8,9300.254,2,74402.032,0,Re-engage Immediately
HZ-14950,36,5,886.52,1,4432.6,0,Loyal – Grow Share
IG-15085,72,4,744.574,1,2978.296,0,Loyal – Grow Share
IL-15100,143,7,5040.736,0,35285.152,0,Retain & Upsell
IM-15055,410,3,2872.63,3,8617.89,1,New – Nurture
IM-15070,391,7,4930.474,0,34513.318,0,Retain & Upsell
JA-15970,93,8,6491.026,2,51928.208,0,Re-engage Immediately
JB-15400,8,10,1791.605,0,17916.05,0,Retain & Upsell
JB-15925,738,3,900.552,3,2701.656,1,New – Nurture
JB-16000,44,7,644.1188,1,4508.8315999999995,0,Loyal – Grow Share
JB-16045,8,5,2518.115,1,12590.574999999999,0,Loyal – Grow Share
JC-15340,115,4,71.263,1,285.052,0,Loyal – Grow Share
JC-15385,176,1,1058.108,1,1058.108,0,Loyal – Grow Share
JC-15775,159,9,2772.055,0,24948.495,0,Retain & Upsell
JC-16105,58,5,858.576,1,4292.88,0,Loyal – Grow Share
JD-15790,118,5,2152.352,1,10761.759999999998,0,Loyal – Grow Share
JD-15895,395,11,7610.8640000000005,2,83719.504,0,Re-engage Immediately
JD-16015,113,6,385.43,1,2312.58,0,Loyal – Grow Share
JD-16060,301,3,695.442,1,2086.326,1,Loyal – Grow Share
JD-16150,42,8,8828.0305,2,70624.244,0,Re-engage Immediately
JE-15475,194,6,1388.682,1,8332.092,0,Loyal – Grow Share
JE-15610,49,7,7754.976,2,54284.831999999995,0,Re-engage Immediately
JE-15715,47,10,8697.842999999999,2,86978.43,0,Re-engage Immediately
JE-15745,52,13,6760.8150000000005,2,87890.595,0,Re-engage Immediately
JE-16165,21,3,2697.248,1,8091.744000000001,0,Loyal – Grow Share
JF-15190,66,7,2279.5860000000002,0,15957.102000000003,0,Retain & Upsell
JF-15295,226,5,955.124,1,4775.62,0,Loyal – Grow Share
JF-15355,106,6,1911.844,1,11471.064,0,Loyal – Grow Share
JF-15415,3,6,2371.448,1,14228.687999999998,0,Loyal – Grow Share
JF-15490,122,11,1082.918,0,11912.097999999998,0,Retain & Upsell
JF-15565,55,8,4198.332,0,33586.656,0,Retain & Upsell
JG-15115,759,3,2358.676,3,7076.028,1,New – Nurture
JG-15160,2,11,6366.392,0,70030.312,0,Retain & Upsell
JG-15310,3,6,2240.58,1,13443.48,0,Loyal – Grow Share
JG-15805,224,6,1507.018,1,9042.108,0,Loyal – Grow Share
JH-15430,6,4,309.281,1,1237.124,0,Loyal – Grow Share
JH-15820,175,6,528.91,1,3173.46,0,Loyal – Grow Share
JH-15910,42,7,959.477,1,6716.339,0,Loyal – Grow Share
JH-15985,30,6,7954.9980000000005,2,47729.988000000005,0,Re-engage Immediately
JH-16180,405,4,2256.3940000000002,3,9025.576000000001,1,New – Nurture
JJ-15445,484,5,709.178,3,3545.89,0,New – Nurture
JJ-15760,754,2,195.0,3,390.0,1,New – Nurture
JK-15205,62,5,4427.142,1,22135.71,0,Loyal – Grow Share
JK-15325,288,3,383.812,1,1151.4360000000001,1,Loyal – Grow Share
JK-15370,45,8,2709.632,0,21677.056,0,Retain & Upsell
JK-15625,62,7,3760.028,0,26320.196,0,Retain & Upsell
JK-15640,181,9,4760.434,0,42843.906,0,Retain & Upsell
JK-15730,85,10,4867.2,0,48672.0,0,Retain & Upsell
JK-16090,29,3,3747.668,1,11243.004,0,Loyal – Grow Share
JK-16120,118,10,2932.484,0,29324.84,0,Retain & Upsell
JL-15130,9,6,1214.956,1,7289.735999999999,0,Loyal – Grow Share
JL-15175,7,5,1571.523,1,7857.615,0,Loyal – Grow Share
JL-15235,120,5,2203.7,1,11018.5,0,Loyal – Grow Share
JL-15505,50,6,3173.874,1,19043.244,0,Loyal – Grow Share
JL-15835,22,11,9799.923,2,107799.153,0,Re-engage Immediately
JL-15850,615,6,2725.256,3,16351.536,0,New – Nurture
JM-15250,38,6,3159.1220000000003,1,18954.732000000004,0,Loyal – Grow Share
JM-15265,38,5,1804.146,1,9020.73,0,Loyal – Grow Share
JM-15535,103,7,1733.443,0,12134.101,0,Retain & Upsell
JM-15580,1,5,303.948,1,1519.7399999999998,0,Loyal – Grow Share
JM-15655,9,5,864.947,1,4324.735,0,Loyal – Grow Share
JM-15865,110,7,7625.076000000001,2,53375.53200000001,0,Re-engage Immediately
JM-16195,58,10,2833.9260000000004,0,28339.260000000002,0,Retain & Upsell
JO-15145,58,9,3254.949,0,29294.541,0,Retain & Upsell
JO-15280,93,6,1934.272,1,11605.632,0,Loyal – Grow Share
JO-15550,216,5,1090.838,1,5454.19,0,Loyal – Grow Share
JP-15460,38,7,1669.135,0,11683.945,0,Retain & Upsell
JP-15520,9,7,3635.594,0,25449.158,0,Retain & Upsell
JP-16135,103,9,1707.71,0,15369.39,0,Retain & Upsell
JR-15670,594,2,1156.658,3,2313.316,1,New – Nurture
JR-15700,69,1,863.88,1,863.88,0,Loyal – Grow Share
JR-16210,34,5,2201.686,1,11008.43,0,Loyal – Grow Share
JS-15595,120,4,1417.654,1,5670.616,0,Loyal – Grow Share
JS-15685,43,4,1131.0639999999999,1,4524.255999999999,0,Loyal – Grow Share
JS-15880,535,5,3868.02,3,19340.1,0,New – Nurture
JS-15940,464,5,469.169,3,2345.845,0,New – Nurture
JS-16030,29,6,2516.494,1,15098.964,0,Loyal – Grow Share
JW-15220,43,6,7721.714,2,46330.284,0,Re-engage Immediately
JW-15955,6,7,1244.086,1,8708.602,0,Loyal – Grow Share
JW-16075,462,4,1428.731,3,5714.924,1,New – Nurture
KA-16525,37,7,1519.506,0,10636.542000000001,0,Retain & Upsell
KB-16240,5,7,3152.6150000000002,0,22068.305,0,Retain & Upsell
KB-16315,297,9,1569.464,0,14125.176,0,Retain & Upsell
KB-16405,118,3,908.821,1,2726.463,0,Loyal – Grow Share
KB-16585,231,12,2744.742,0,32936.904,0,Retain & Upsell
KB-16600,2,7,983.922,1,6887.454,0,Loyal – Grow Share
KC-16255,408,6,2120.954,3,12725.724000000002,0,New – Nurture
KC-16540,98,4,3908.262,1,15633.048,0,Loyal – Grow Share
KC-16675,58,4,1146.05,1,4584.2,0,Loyal – Grow Share
KD-16270,485,5,8282.358,2,41411.79,0,Re-engage Immediately
KD-16345,42,6,1888.964,1,11333.784,0,Loyal – Grow Share
KD-16495,113,12,8181.256,2,98175.072,0,Re-engage Immediately
KD-16615,290,5,2243.5099999999998,1,11217.55,0,Loyal – Grow Share
KE-16420,27,8,1686.7312,0,13493.8496,0,Retain & Upsell
KF-16285,98,7,10604.266,2,74229.862,0,Re-engage Immediately
KH-16330,41,8,3312.864,0,26502.912,0,Retain & Upsell
KH-16360,2,6,3100.612,1,18603.672,0,Loyal – Grow Share
KH-16510,23,7,5952.859,0,41670.013000000006,0,Retain & Upsell
KH-16630,59,9,3918.9660000000003,0,35270.694,0,Retain & Upsell
KH-16690,3,7,5990.799,0,41935.593,0,Retain & Upsell
KL-16555,17,8,5016.488,0,40131.904,0,Retain & Upsell
KL-16645,48,12,14175.229000000001,2,170102.74800000002,0,Re-engage Immediately
KM-16225,15,6,2260.958,1,13565.748,0,Loyal – Grow Share
KM-16375,57,8,5620.186,0,44961.488,0,Retain & Upsell
KM-16660,16,5,453.538,1,2267.69,0,Loyal – Grow Share
KM-16720,29,8,4909.472,0,39275.776,0,Retain & Upsell
KN-16390,20,9,2617.272,0,23555.448,0,Retain & Upsell
KN-16450,53,5,2171.962,1,10859.81,0,Loyal – Grow Share
KN-16705,99,8,2280.58,0,18244.64,0,Retain & Upsell
KS-16300,296,3,88.472,1,265.416,1,Loyal – Grow Share
KT-16465,392,7,3057.1,3,21399.7,0,New – Nurture
KT-16480,101,10,4642.088400000001,0,46420.884000000005,0,Retain & Upsell
KW-16435,97,5,4416.5199999999995,1,22082.6,0,Loyal – Grow Share
KW-16570,772,4,449.096,3,1796.384,1,New – Nurture
LA-16780,155,11,8673.222,2,95405.442,0,Re-engage Immediately
LB-16735,49,3,50.188,1,150.56400000000002,0,Loyal – Grow Share
LB-16795,153,8,4985.676,0,39885.408,0,Retain & Upsell
LC-16870,28,8,2580.7039999999997,0,20645.631999999998,0,Retain & Upsell
LC-16885,17,12,7663.126,2,91957.512,0,Re-engage Immediately
LC-16930,42,8,4492.946,0,35943.568,0,Retain & Upsell
LC-16960,437,4,3246.626,3,12986.504,1,New – Nurture
LC-17050,55,5,2095.064,1,10475.32,0,Loyal – Grow Share
LC-17140,14,9,2633.582,0,23702.237999999998,0,Retain & Upsell
LD-16855,553,1,5.304,3,5.304,1,New – Nurture
LD-17005,415,4,1961.934,3,7847.736,1,New – Nurture
LE-16810,22,6,1469.45,1,8816.7,0,Loyal – Grow Share
LF-17185,23,7,3930.5089999999996,0,27513.563,0,Retain & Upsell
LH-16750,152,3,287.426,1,862.278,0,Loyal – Grow Share
LH-16900,22,9,2295.332,0,20657.987999999998,0,Retain & Upsell
LH-17020,240,4,318.239,1,1272.956,1,Loyal – Grow Share
LH-17155,386,9,1739.689,0,15657.201000000001,0,Retain & Upsell
LL-16840,250,6,2741.2039999999997,1,16447.224,0,Loyal – Grow Share
LM-17065,392,5,1346.774,3,6733.869999999999,0,New – Nurture
LO-17170,3,5,644.35,1,3221.75,0,Loyal – Grow Share
LP-17080,41,4,756.606,1,3026.424,0,Loyal – Grow Share
LP-17095,10,7,3653.399,0,25573.792999999998,0,Retain & Upsell
LR-16915,27,6,5142.892,0,30857.352,0,Retain & Upsell
LR-17035,133,5,1879.306,1,9396.53,0,Loyal – Grow Share
LS-16945,179,6,2845.27,1,17071.62,0,Loyal – Grow Share
LS-16975,21,9,2988.674,0,26898.066,0,Retain & Upsell
LS-17200,97,6,1010.2560000000001,1,6061.536,0,Loyal – Grow Share
LS-17230,778,3,368.88000000000005,3,1106.64,1,New – Nurture
LS-17245,35,6,1008.1360000000001,1,6048.816000000001,0,Loyal – Grow Share
LT-16765,27,3,329.876,1,989.6279999999999,0,Loyal – Grow Share
LT-17110,35,8,2936.252,0,23490.016,0,Retain & Upsell
LW-16825,89,5,2238.061,1,11190.305,0,Loyal – Grow Share
LW-16990,34,6,3230.308,1,19381.847999999998,0,Loyal – Grow Share
LW-17125,206,3,1259.04,1,3777.12,1,Loyal – Grow Share
LW-17215,22,7,5420.514,0,37943.598,0,Retain & Upsell
MA-17560,65,11,4299.161,0,47290.771,0,Retain & Upsell
MA-17995,187,6,2453.284,1,14719.704000000002,0,Loyal – Grow Share
MB-17305,49,10,1548.702,0,15487.02,0,Retain & Upsell
MB-18085,45,7,1428.231,0,9997.617,0,Retain & Upsell
MC-17275,77,8,2725.982,0,21807.856,0,Retain & Upsell
MC-17425,400,5,4432.138,3,22160.69,0,New – Nurture
MC-17575,28,8,1303.893,0,10431.144,0,Retain & Upsell
MC-17590,52,6,2426.067,1,14556.402,0,Loyal – Grow Share
MC-17605,113,8,2258.192,0,18065.536,0,Retain & Upsell
MC-17635,190,4,795.154,1,3180.616,1,Loyal – Grow Share
MC-17845,2,7,3805.714,0,26639.998,0,Retain & Upsell
MC-18100,42,10,2218.98,0,22189.8,0,Retain & Upsell
MC-18130,370,5,1581.9979999999998,3,7909.989999999999,0,New – Nurture
MD-17350,118,7,3766.382,0,26364.674,0,Retain & Upsell
MD-17860,37,5,1204.91,1,6024.55,0,Loyal – Grow Share
ME-17320,43,10,10663.728000000001,2,106637.28000000001,0,Re-engage Immediately
ME-17725,29,8,1908.4532,0,15267.6256,0,Retain & Upsell
ME-18010,93,4,1256.944,1,5027.776,0,Loyal – Grow Share
MF-17665,422,5,937.039,3,4685.195,0,New – Nurture
MF-18250,8,5,1758.3,1,8791.5,0,Loyal – Grow Share
MG-17650,30,7,3785.276,0,26496.932,0,Retain & Upsell
MG-17680,93,4,2350.188,1,9400.752,0,Loyal – Grow Share
MG-17695,556,3,1342.282,3,4026.8459999999995,1,New – Nurture
MG-17875,117,5,1242.8329999999999,1,6214.164999999999,0,Loyal – Grow Share
MG-17890,100,9,776.384,0,6987.456,0,Retain & Upsell
MG-18145,85,4,3061.543,1,12246.172,0,Loyal – Grow Share
MG-18205,265,1,16.739,1,16.739,1,Loyal – Grow Share
MH-17290,120,6,2394.025,1,14364.150000000001,0,Loyal – Grow Share
MH-17440,377,4,400.016,3,1600.064,1,New – Nurture
MH-17455,86,8,2456.1820000000002,0,19649.456000000002,0,Retain & Upsell
MH-17620,156,4,1252.8,1,5011.2,0,Loyal – Grow Share
MH-17785,99,7,2203.7780000000002,0,15426.446000000002,0,Retain & Upsell
MH-18025,50,5,2984.948,1,14924.74,0,Loyal – Grow Share
MH-18115,6,9,5503.093,0,49527.837,0,Retain & Upsell
MJ-17740,23,7,6320.746,0,44245.222,0,Retain & Upsell
MK-17905,29,8,2302.368,0,18418.944,0,Retain & Upsell
MK-18160,241,4,1031.602,1,4126.408,1,Loyal – Grow Share
ML-17395,70,9,2722.843,0,24505.587,0,Retain & Upsell
ML-17410,55,6,2921.5,1,17529.0,0,Loyal – Grow Share
ML-17755,30,7,2071.9139999999998,0,14503.397999999997,0,Retain & Upsell
ML-18040,80,3,742.082,1,2226.246,0,Loyal – Grow Share
ML-18265,101,2,162.232,1,324.464,0,Loyal – Grow Share
MM-17260,169,4,1314.023,1,5256.092,0,Loyal – Grow Share
MM-17920,8,11,3794.0800000000004,0,41734.880000000005,0,Retain & Upsell
MM-18055,62,8,2749.881,0,21999.048,0,Retain & Upsell
MM-18280,86,9,775.414,0,6978.726,0,Retain & Upsell
MN-17935,35,6,2477.946,1,14867.676,0,Loyal – Grow Share
MO-17500,73,4,922.487,1,3689.948,0,Loyal – Grow Share
MO-17800,105,8,1687.0269999999998,0,13496.215999999999,0,Retain & Upsell
MO-17950,181,2,154.288,1,308.576,0,Loyal – Grow Share
MP-17470,720,7,3206.132,3,22442.924,0,New – Nurture
MP-17965,73,9,3983.6420000000003,0,35852.778000000006,0,Retain & Upsell
MP-18175,17,9,5087.92,0,45791.28,0,Retain & Upsell
MR-17545,126,4,639.178,1,2556.712,0,Loyal – Grow Share
MS-17365,274,10,7443.6900000000005,2,74436.90000000001,0,Re-engage Immediately
MS-17530,435,4,475.65599999999995,3,1902.6239999999998,1,New – Nurture
MS-17710,414,6,1613.402,3,9680.412,0,New – Nurture
MS-17770,122,9,3144.678,0,28302.102,0,Retain & Upsell
MS-17830,453,4,370.348,3,1481.392,1,New – Nurture
MS-17980,27,6,855.116,1,5130.696,0,Loyal – Grow Share
MT-17815,50,6,2890.139,1,17340.834000000003,0,Loyal – Grow Share
MT-18070,204,4,1319.4498,1,5277.7992,1,Loyal – Grow Share
MV-17485,28,9,1560.05,0,14040.449999999999,0,Retain & Upsell
MV-18190,20,7,1734.574,0,12142.018,0,Retain & Upsell
MW-18220,18,7,5341.900000000001,0,37393.3,0,Retain & Upsell
MW-18235,45,2,5253.876,1,10507.752,0,Loyal – Grow Share
MY-17380,30,7,2254.285,0,15779.994999999999,0,Retain & Upsell
MY-18295,72,11,4152.696,0,45679.656,0,Retain & Upsell
MZ-17335,31,4,593.606,1,2374.424,0,Loyal – Grow Share
MZ-17515,283,6,2564.906,1,15389.436,0,Loyal – Grow Share
NB-18580,1166,2,273.87199999999996,3,547.7439999999999,1,New – Nurture
NB-18655,20,9,1972.599,0,17753.391,0,Retain & Upsell
NC-18340,225,5,2461.404,1,12307.02,0,Loyal – Grow Share
NC-18415,42,6,2218.9900000000002,1,13313.940000000002,0,Loyal – Grow Share
NC-18535,7,7,8241.739,2,57692.172999999995,0,Re-engage Immediately
NC-18625,205,5,1821.742,1,9108.71,0,Loyal – Grow Share
ND-18370,28,9,4326.139,0,38935.251000000004,0,Retain & Upsell
ND-18460,184,6,2893.455,1,17360.73,0,Loyal – Grow Share
NF-18385,80,7,8322.826,2,58259.78199999999,0,Re-engage Immediately
NF-18475,526,4,377.16200000000003,3,1508.6480000000001,1,New – Nurture
NF-18595,115,7,2031.472,0,14220.304,0,Retain & Upsell
NG-18355,49,5,1869.58,1,9347.9,0,Loyal – Grow Share
NG-18430,49,5,1395.9379999999999,1,6979.69,0,Loyal – Grow Share
NH-18610,190,7,2673.29,0,18713.03,0,Retain & Upsell
NK-18490,71,7,572.048,1,4004.3360000000002,0,Loyal – Grow Share
NL-18310,59,4,1418.0900000000001,1,5672.360000000001,0,Loyal – Grow Share
NM-18445,161,7,6459.344,2,45215.408,0,Re-engage Immediately
NM-18520,245,10,2161.979,0,21619.789999999997,0,Retain & Upsell
NP-18325,26,6,5529.62,0,33177.72,0,Retain & Upsell
NP-18670,59,5,3908.402,1,19542.010000000002,0,Loyal – Grow Share
NP-18685,407,6,1228.698,3,7372.188,0,New – Nurture
NP-18700,139,7,7903.1825,2,55322.2775,0,Re-engage Immediately
NR-18550,211,5,2367.277,1,11836.385,0,Loyal – Grow Share
NS-18505,7,4,2575.863,1,10303.452,0,Loyal – Grow Share
NS-18640,175,13,2964.823,0,38542.699,0,Retain & Upsell
NW-18400,173,7,7234.014,2,50638.098,0,Re-engage Immediately
NZ-18565,86,9,2488.31,0,22394.79,0,Retain & Upsell
ON-18715,411,9,1567.52,0,14107.68,0,Retain & Upsell
OT-18730,66,5,3818.624,1,19093.12,0,Loyal – Grow Share
PA-19060,104,6,729.408,1,4376.448,0,Loyal – Grow Share
PB-18805,26,3,740.356,1,2221.068,0,Loyal – Grow Share
PB-19105,58,4,688.324,1,2753.296,0,Loyal – Grow Share
PB-19150,98,8,1456.95,0,11655.6,0,Retain & Upsell
PB-19210,689,2,132.738,3,265.476,1,New – Nurture
PC-18745,3,4,1832.064,1,7328.256,0,Loyal – Grow Share
PC-19000,883,2,1061.488,3,2122.976,1,New – Nurture
PF-19120,836,4,9062.864,3,36251.456,1,New – Nurture
PF-19165,197,6,2770.0,1,16620.0,0,Loyal – Grow Share
PF-19225,115,5,2206.1279999999997,1,11030.64,0,Loyal – Grow Share
PG-18820,37,13,3086.907,0,40129.791000000005,0,Retain & Upsell
PG-18895,58,9,1987.164,0,17884.476,0,Retain & Upsell
PH-18790,71,1,729.648,1,729.648,0,Loyal – Grow Share
PJ-18835,40,8,1220.09,0,9760.72,0,Retain & Upsell
PJ-19015,135,7,1824.2340000000002,0,12769.638,0,Retain & Upsell
PK-18910,484,2,1441.152,3,2882.304,1,New – Nurture
PK-19075,10,12,8646.934,2,103763.20799999998,0,Re-engage Immediately
PL-18925,16,5,239.481,1,1197.405,0,Loyal – Grow Share
PM-18940,387,3,1405.402,3,4216.206,1,New – Nurture
PM-19135,52,4,4115.662,1,16462.648,0,Loyal – Grow Share
PN-18775,31,8,1467.152,0,11737.216,0,Retain & Upsell
PO-18850,5,11,7473.8282,2,82212.1102,0,Re-engage Immediately
PO-18865,1,7,2493.214,0,17452.498,0,Retain & Upsell
PO-19180,161,9,4893.043,0,44037.386999999995,0,Retain & Upsell
PO-19195,87,5,1056.858,1,5284.29,0,Loyal – Grow Share
PP-18955,98,10,7252.608,2,72526.08,0,Re-engage Immediately
PR-18880,37,5,1840.178,1,9200.890000000001,0,Loyal – Grow Share
PS-18760,108,6,2181.479,1,13088.874,0,Loyal – Grow Share
PS-18970,70,8,1278.639,0,10229.112,0,Retain & Upsell
PS-19045,237,7,6843.634,2,47905.438,0,Re-engage Immediately
PT-19090,72,4,160.572,1,642.288,0,Loyal – Grow Share
PV-18985,90,5,2876.046,1,14380.23,0,Loyal – Grow Share
PW-19030,47,10,3454.916,0,34549.16,0,Retain & Upsell
PW-19240,465,7,3922.4150000000004,3,27456.905000000002,0,New – Nurture
QJ-19255,26,9,6108.338,0,54975.042,0,Retain & Upsell
RA-19285,6,9,2617.906,0,23561.154,0,Retain & Upsell
RA-19885,44,7,3832.314,0,26826.198,0,Retain & Upsell
RA-19915,13,9,4793.543,0,43141.886999999995,0,Retain & Upsell
RA-19945,62,5,1686.9225,1,8434.6125,0,Loyal – Grow Share
RB-19330,69,2,1008.1959999999999,1,2016.3919999999998,0,Loyal – Grow Share
RB-19360,97,6,15117.339,2,90704.034,0,Re-engage Immediately
RB-19435,20,8,2663.0860000000002,0,21304.688000000002,0,Retain & Upsell
RB-19465,10,12,4715.466,0,56585.592000000004,0,Retain & Upsell
RB-19570,26,5,528.546,1,2642.7300000000005,0,Loyal – Grow Share
RB-19645,649,5,221.084,3,1105.42,0,New – Nurture
RB-19705,55,4,2067.45,1,8269.8,0,Loyal – Grow Share
RB-19795,33,8,5633.316000000001,0,45066.528000000006,0,Retain & Upsell
RC-19825,370,6,966.409,3,5798.454,0,New – Nurture
RC-19960,111,6,885.752,1,5314.512,0,Loyal – Grow Share
RD-19480,73,8,4272.93,0,34183.44,0,Retain & Upsell
RD-19585,181,10,2912.8940000000002,0,29128.940000000002,0,Retain & Upsell
RD-19660,115,5,2786.632,1,13933.16,0,Loyal – Grow Share
RD-19720,22,10,1419.737,0,14197.37,0,Retain & Upsell
RD-19810,15,8,1137.616,0,9100.928,0,Retain & Upsell
RD-19900,115,9,3133.924,0,28205.316,0,Retain & Upsell
RD-19930,43,4,970.9420000000001,1,3883.7680000000005,0,Loyal – Grow Share
RE-19405,1098,1,48.36,3,48.36,1,New – Nurture
RE-19450,303,5,876.696,1,4383.4800000000005,0,Loyal – Grow Share
RF-19345,391,8,3309.15,0,26473.2,0,Retain & Upsell
RF-19735,90,7,2341.2960000000003,0,16389.072,0,Retain & Upsell
RF-19840,7,8,945.222,0,7561.776,0,Retain & Upsell
RH-19495,33,5,3621.3759999999997,1,18106.879999999997,0,Loyal – Grow Share
RH-19510,468,6,6979.18,2,41875.08,0,Re-engage Immediately
RH-19555,520,2,740.382,3,1480.764,1,New – Nurture
RH-19600,535,3,2085.7400000000002,3,6257.220000000001,1,New – Nurture
RK-19300,120,3,1460.192,1,4380.576,0,Loyal – Grow Share
RL-19615,122,8,6234.91,0,49879.28,0,Retain & Upsell
RM-19375,346,6,1453.474,1,8720.844,0,Loyal – Grow Share
RM-19675,7,5,5979.0960000000005,1,29895.480000000003,0,Loyal – Grow Share
RM-19750,300,1,98.35,3,98.35,1,New – Nurture
RO-19780,36,7,3815.478,0,26708.346,0,Retain & Upsell
RP-19270,497,4,954.6452,3,3818.5808,1,New – Nurture
RP-19390,34,12,5153.084,0,61837.008,0,Retain & Upsell
RP-19855,29,8,2170.716,0,17365.728,0,Retain & Upsell
RR-19315,20,2,615.932,1,1231.864,0,Loyal – Grow Share
RR-19525,171,6,3302.2619999999997,1,19813.572,0,Loyal – Grow Share
RS-19420,77,5,3221.29,1,16106.45,0,Loyal – Grow Share
RS-19765,37,8,4159.7699999999995,0,33278.159999999996,0,Retain & Upsell
RS-19870,20,2,22.328,1,44.656,0,Loyal – Grow Share
RW-19540,121,7,7397.401,2,51781.807,0,Re-engage Immediately
RW-19630,90,9,3279.746,0,29517.714,0,Retain & Upsell
RW-19690,80,5,3495.646,1,17478.23,0,Loyal – Grow Share
SA-20830,64,10,4767.3415,0,47673.41500000001,0,Retain & Upsell
SB-20170,202,3,1348.02,1,4044.06,1,Loyal – Grow Share
SB-20185,189,6,6410.996,2,38465.976,0,Re-engage Immediately
SB-20290,48,7,8057.891,2,56405.236999999994,0,Re-engage Immediately
SC-20020,782,5,3362.9636,3,16814.818,0,New – Nurture
SC-20050,41,9,4624.572,0,41621.148,0,Retain & Upsell
SC-20095,350,9,14142.333999999999,2,127281.006,0,Re-engage Immediately
SC-20230,150,4,4371.9580000000005,1,17487.832000000002,0,Loyal – Grow Share
SC-20260,188,8,3729.7929999999997,0,29838.343999999997,0,Retain & Upsell
SC-20305,30,7,3979.065,0,27853.455,0,Retain & Upsell
SC-20380,31,9,5992.536,0,53932.824,0,Retain & Upsell
SC-20440,37,7,1874.998,0,13124.986,0,Retain & Upsell
SC-20575,93,5,902.7280000000001,1,4513.64,0,Loyal – Grow Share
SC-20680,127,6,1254.64,1,7527.84,0,Loyal – Grow Share
SC-20695,90,10,2576.408,0,25764.079999999998,0,Retain & Upsell
SC-20725,188,11,5226.21,0,57488.31,0,Retain & Upsell
SC-20770,42,7,4492.657,0,31448.599000000002,0,Retain & Upsell
SC-20800,31,4,279.25600000000003,1,1117.0240000000001,0,Loyal – Grow Share
SC-20845,132,2,280.632,1,561.264,0,Loyal – Grow Share
SD-20485,201,9,6121.114,0,55090.026,0,Retain & Upsell
SE-20110,10,11,12209.438000000002,2,134303.81800000003,0,Re-engage Immediately
SF-20065,60,7,763.5459999999999,1,5344.821999999999,0,Loyal – Grow Share
SF-20200,60,9,3422.7859999999996,0,30805.073999999997,0,Retain & Upsell
SF-20965,49,9,3336.535,0,30028.815,0,Retain & Upsell
SG-20080,9,3,3406.5809999999997,1,10219.742999999999,0,Loyal – Grow Share
SG-20470,184,8,1884.798,0,15078.384,0,Retain & Upsell
SG-20605,109,6,3124.832,1,18748.992,0,Loyal – Grow Share
SG-20890,227,3,47.946,1,143.838,1,Loyal – Grow Share
SH-19975,30,13,3406.8395,0,44288.9135,0,Retain & Upsell
SH-20395,24,10,2180.718,0,21807.18,0,Retain & Upsell
SH-20635,766,2,2096.392,3,4192.784,1,New – Nurture
SJ-20125,96,12,3949.656,0,47395.872,0,Retain & Upsell
SJ-20215,30,6,1341.036,1,8046.216,0,Loyal – Grow Share
SJ-20500,254,5,1318.776,1,6593.88,0,Loyal – Grow Share
SK-19990,9,3,883.409,1,2650.227,0,Loyal – Grow Share
SL-20155,71,7,3053.012,0,21371.084000000003,0,Retain & Upsell
SM-20005,422,4,244.49399999999997,3,977.9759999999999,1,New – Nurture
SM-20320,80,5,25043.05,2,125215.25,0,Re-engage Immediately
SM-20905,607,1,1043.041,3,1043.041,1,New – Nurture
SM-20950,26,12,5563.392,0,66760.704,0,Retain & Upsell
SN-20560,112,6,1860.418,1,11162.508,0,Loyal – Grow Share
SN-20710,80,7,3127.9592,0,21895.714399999997,0,Retain & Upsell
SO-20335,30,6,2602.5755,1,15615.453,0,Loyal – Grow Share
SP-20545,328,6,1306.086,1,7836.516,0,Loyal – Grow Share
SP-20620,48,9,5440.319,0,48962.87100000001,0,Retain & Upsell
SP-20650,387,9,1872.4360000000001,0,16851.924000000003,0,Retain & Upsell
SP-20860,80,10,4282.94,0,42829.399999999994,0,Retain & Upsell
SP-20920,71,6,3990.689,0,23944.134,0,Retain & Upsell
SR-20425,9,5,3233.481,1,16167.405,0,Loyal – Grow Share
SR-20740,197,8,4345.8859999999995,0,34767.087999999996,0,Retain & Upsell
SS-20140,16,8,1324.028,0,10592.224,0,Retain & Upsell
SS-20410,111,6,3056.8070000000002,1,18340.842,0,Loyal – Grow Share
SS-20515,492,3,613.4,3,1840.1999999999998,1,New – Nurture
SS-20590,433,6,418.49,3,2510.94,0,New – Nurture
SS-20875,121,5,964.636,1,4823.18,0,Loyal – Grow Share
ST-20530,126,7,433.34000000000003,1,3033.38,0,Loyal – Grow Share
SU-20665,21,7,2595.364,0,18167.548,0,Retain & Upsell
SV-20365,102,10,11470.949999999999,2,114709.49999999999,0,Re-engage Immediately
SV-20785,321,9,4105.305,0,36947.745,0,Retain & Upsell
SV-20815,77,4,1271.0900000000001,1,5084.360000000001,0,Loyal – Grow Share
SV-20935,3,8,1903.491,0,15227.928,0,Retain & Upsell
SW-20245,82,7,1085.078,1,7595.546,0,Loyal – Grow Share
SW-20275,31,6,1966.65,1,11799.900000000001,0,Loyal – Grow Share
SW-20350,163,3,1019.044,1,3057.132,0,Loyal – Grow Share
SW-20455,163,7,2921.544,0,20450.807999999997,0,Retain & Upsell
SW-20755,535,2,758.6959999999999,3,1517.3919999999998,1,New – Nurture
SZ-20035,36,11,3625.329,0,39878.619,0,Retain & Upsell
TA-21385,70,4,14595.62,2,58382.48,0,Re-engage Immediately
TB-21055,120,5,1467.881,1,7339.405000000001,0,Loyal – Grow Share
TB-21175,59,4,3589.296,1,14357.184,0,Loyal – Grow Share
TB-21190,50,4,816.1740000000001,1,3264.6960000000004,0,Loyal – Grow Share
TB-21250,350,7,1602.376,1,11216.632,0,Loyal – Grow Share
TB-21280,584,6,2198.45,3,13190.699999999999,0,New – Nurture
TB-21355,147,5,834.328,1,4171.639999999999,0,Loyal – Grow Share
TB-21400,203,7,9133.99,2,63937.93,0,Re-engage Immediately
TB-21520,108,9,4737.486,0,42637.373999999996,0,Retain & Upsell
TB-21595,286,5,1387.559,1,6937.795,0,Loyal – Grow Share
TB-21625,31,9,2797.668,0,25179.012000000002,0,Retain & Upsell
TC-20980,400,5,19052.218,2,95261.09,0,Re-engage Immediately
TC-21145,107,1,1038.26,1,1038.26,0,Loyal – Grow Share
TC-21295,28,8,4266.812,0,34134.496,0,Retain & Upsell
TC-21475,154,9,1244.976,0,11204.784000000001,0,Retain & Upsell
TC-21535,5,7,742.5580000000001,1,5197.906000000001,0,Loyal – Grow Share
TD-20995,38,9,1434.5480000000002,0,12910.932000000003,0,Retain & Upsell
TG-21310,338,5,3058.372,1,15291.859999999999,0,Loyal – Grow Share
TG-21640,115,4,2074.661,1,8298.644,0,Loyal – Grow Share
TH-21100,345,5,2422.824,3,12114.12,0,New – Nurture
TH-21115,59,4,2942.772,1,11771.088,0,Loyal – Grow Share
TH-21235,118,8,1022.201,0,8177.608,0,Retain & Upsell
TH-21550,73,7,4234.0960000000005,0,29638.672000000002,0,Retain & Upsell
TM-21010,104,8,2955.2259999999997,0,23641.807999999997,0,Retain & Upsell
TM-21490,131,3,1094.6779999999999,1,3284.0339999999997,0,Loyal – Grow Share
TN-21040,91,7,3130.221,0,21911.547,0,Retain & Upsell
TP-21130,9,9,4454.0560000000005,0,40086.504,0,Retain & Upsell
TP-21415,105,5,5329.0048,1,26645.023999999998,0,Loyal – Grow Share
TP-21565,351,4,1936.6399999999999,3,7746.5599999999995,1,New – Nurture
TR-21325,194,5,675.9419999999999,1,3379.7099999999996,0,Loyal – Grow Share
TS-21085,358,2,4.833,3,9.666,1,New – Nurture
TS-21160,505,6,2163.6240000000003,3,12981.744000000002,0,New – Nurture
TS-21205,199,7,5371.09,0,37597.630000000005,0,Retain & Upsell
TS-21340,227,5,974.7819999999999,1,4873.91,0,Loyal – Grow Share
TS-21370,37,6,11891.751,2,71350.506,0,Re-engage Immediately
TS-21430,173,5,2054.14,1,10270.699999999999,0,Loyal – Grow Share
TS-21505,12,6,2243.274,1,13459.644,0,Loyal – Grow Share
TS-21610,56,7,2820.424,0,19742.968,0,Retain & Upsell
TS-21655,239,5,3368.094,1,16840.47,0,Loyal – Grow Share
TT-21070,32,7,4915.602,0,34409.214,0,Retain & Upsell
TT-21220,184,8,1427.0439999999999,0,11416.351999999999,0,Retain & Upsell
TT-21265,407,3,439.5,3,1318.5,1,New – Nurture
TT-21460,13,7,5364.808,0,37553.656,0,Retain & Upsell
TW-21025,65,7,5278.826,0,36951.782,0,Retain & Upsell
TZ-21580,36,4,1707.286,1,6829.144,0,Loyal – Grow Share
VB-21745,55,6,2005.596,1,12033.576000000001,0,Loyal – Grow Share
VD-21670,582,6,6442.254,3,38653.524,0,New – Nurture
VF-21715,14,5,847.944,1,4239.719999999999,0,Loyal – Grow Share
VG-21790,155,6,846.01,1,5076.0599999999995,0,Loyal – Grow Share
VG-21805,287,5,427.372,1,2136.86,0,Loyal – Grow Share
VM-21685,55,7,2454.866,0,17184.061999999998,0,Retain & Upsell
VM-21835,118,5,380.69,1,1903.45,0,Loyal – Grow Share
VP-21730,31,3,993.9019999999999,1,2981.7059999999997,0,Loyal – Grow Share
VP-21760,76,7,3360.526,0,23523.682,0,Retain & Upsell
VS-21820,222,4,1055.981,1,4223.924,1,Loyal – Grow Share
VT-21700,1001,2,1736.596,3,3473.192,1,New – Nurture
VW-21775,29,10,6134.0380000000005,0,61340.380000000005,0,Retain & Upsell
WB-21850,21,11,6160.102,0,67761.122,0,Retain & Upsell
XP-21865,44,11,2374.658,0,26121.237999999998,0,Retain & Upsell
YC-21895,5,5,5454.35,1,27271.75,0,Loyal – Grow Share
YS-21880,10,8,6720.4439999999995,2,53763.551999999996,0,Re-engage Immediately
ZC-21910,55,13,8025.707,2,104334.191,0,Re-engage Immediately
ZD-21925,203,5,1493.944,1,7469.719999999999,0,Loyal – Grow Share
